{"cameraMode":{"drawMode":0,"name":"Shaded","section":"Shading Mode"},"sceneLighting":true,"audioPlay":false,"sceneViewState":{"m_AlwaysRefresh":false,"showFog":true,"showSkybox":true,"showFlares":true,"showImageEffects":true,"showParticleSystems":true,"showVisualEffectGraphs":true,"m_FxEnabled":true},"in2DMode":false,"pivot":{"x":-7.285364627838135,"y":2.1777868270874025,"z":0.9993078708648682},"rotation":{"x":-0.053874049335718158,"y":0.7987129092216492,"z":-0.07232736051082611,"w":-0.5949230194091797},"size":8.317895889282227,"orthographic":false}